Date,Sender,Send Amount,Send Currency,Receiver,Receive Amount,Receive Currency,Source,Inchane_id,Usdt
2025-01-17 08:38:00,Visa-Master-Mir,1000,RUB,20799102-logo-moneygo1,905.45,RUB,https://barry24.com,11204,trc erc bep
2025-01-17 08:24:00,Sistema-byistryih-platezhey,1150,RUB,20799102-logo-moneygo1,1041.27,RUB,https://barry24.com,11204,trc erc bep
2025-01-17 07:56:00,Sistema-byistryih-platezhey,1150,RUB,20799102-logo-moneygo1,1041.27,RUB,https://barry24.com,11204,trc erc bep
2025-01-16 08:34:00,usdttrc20,2502.1653,USD,Cash-RUB,258964.0999,RUB,https://keine-exchange.com,997,trc erc bep
2025-01-16 08:18:00,Cash-USD,6300,USD,usdttrc20,6219.151,USD,https://keine-exchange.com,997,trc erc bep
2025-01-15 17:28:00,capitalist,278645,RUB,Tether,2546.8,USDT,https://green-obmenka.ru,11020,trc
2025-01-15 07:46:00,Bitcoin,0.0039897,BTC,0f270928276bc4f8db6ab54377dd7647,39259.02,RUB,https://green-obmenka.ru,11020,trc
2025-01-14 13:06:00,Tether,700,USDT,Raiffaisen,70007,RUB,https://green-obmenka.ru,11020,trc
2025-01-14 08:19:00,Bitcoin,0.0051,BTC,Sberbank,48303.35,RUB,https://green-obmenka.ru,11020,trc
2025-01-13 16:37:00,Tether,665,USDT,Tinkoff,65688.7,RUB,https://green-obmenka.ru,11020,trc
2025-01-17 08:45:00,VTB,42960,RUB,Tether,407.9501,USDT,https://finex24.io,10943,trc,erc,bep
2025-01-17 08:33:00,VTB,100000,RUB,Tether,948.3986,USDT,https://finex24.io,10943,trc,erc,bep
2025-01-17 08:25:00,VTB,70000,RUB,Tether,663.3606,USDT,https://finex24.io,10943,trc,erc,bep
2025-01-17 08:00:00,Tether,2900,USDT,51e6f562-46d7-4e67-9da0-8fa8f9146c15,292900,RUB,https://btchange.ru,11173,trc erc
2025-01-17 08:00:00,Monero,4.23610337,XMR,1622-oooo.plus-,93094.6537,RUB,https://btchange.ru,11173,trc erc
2025-01-17 07:20:00,Bitcoin,0.0058371,BTC,09482e2214e27a15e55bf498ed79d1d6-1,59745.1869,RUB,https://btchange.ru,11173,trc erc
2025-01-17 08:15:00,Tether,300,USDT,Sberbank,30562.464,RUB,https://buhtaobmena.me,11221,trc bep
2025-01-17 08:28:00,Tinkoff,15000,RUB,Visa-Master,74403,KZT,https://buhtaobmena.me,11221,trc bep
2025-01-17 08:03:00,Bitcoin,0.00196143,BTC,10-Karta-Mir,20134.495,RUB,https://buhtaobmena.me,11221,trc bep
2025-01-17 08:37:00,logo-sbermarket-square-be8e750b,5000,RUB,polygon-matic-logo,88.93,MATIC,https://cripthub.ru/,1789,trc erc bep
2025-01-17 08:04:00,logo-sbermarket-square-be8e750b,13000,RUB,monero-xmr-logo,0.52789002,XMR,https://cripthub.ru/,1789,trc erc bep
2025-01-17 07:56:00,free-png.ru-126,24000,RUB,bitcoin-btc-logo,0.00210643,BTC,https://cripthub.ru/,1789,trc erc bep
2025-01-17 08:00:00,2031468,10000,RUB,litecoin-ltc-logo,0.6469242,LTC,https://cripthub.ru/,1789,trc erc bep
2025-01-17 07:49:00,1mir,20000,RUB,bitcoin-btc-logo,0.00173499,BTC,https://cripthub.ru/,1789,trc erc bep
2025-01-17 06:04:20.375134,Tether(USDT)TRC20,200,USDT,Желтыйбанк(RUB),20400,RUB,https://alfabit.org/ru/exchange,1682,trc erc
2025-01-17 06:04:20.375901,Tether(USDT)TRC20,488.3,USDT,Синийбанк(RUB),50000,RUB,https://alfabit.org/ru/exchange,1682,trc erc
2025-01-17 06:04:20.376479,Tether(USDT)TRC20,1231.65,USDT,Желтыйбанк(RUB),126000,RUB,https://alfabit.org/ru/exchange,1682,trc erc
2025-01-17 06:04:20.377058,Solana(SOL),0.227,SOL,Желтыйбанк(RUB),5010,RUB,https://alfabit.org/ru/exchange,1682,trc erc
2025-01-17 06:04:20.377648,Желтыйбанк(RUB),120000,RUB,BTC,0.011,BTC,https://alfabit.org/ru/exchange,1682,trc erc
2025-01-17 06:04:20.378234,Tether(USDT)TRC20,170,USDT,Желтыйбанк(RUB),17360,RUB,https://alfabit.org/ru/exchange,1682,trc erc
2025-01-17 06:04:20.378720,Tether(USDT)TRC20,263.47,USDT,Желтыйбанк(RUB),26920,RUB,https://alfabit.org/ru/exchange,1682,trc erc
2025-01-17 06:04:20.379230,Tether(USDT)TRC20,263.12,USDT,Желтыйбанк(RUB),27000,RUB,https://alfabit.org/ru/exchange,1682,trc erc
2025-01-17 06:04:20.379714,Tether(USDT)TRC20,170,USDT,Желтыйбанк(RUB),17440,RUB,https://alfabit.org/ru/exchange,1682,trc erc
2025-01-17 06:04:20.380222,Tether(USDT)TRC20,499.93,USDT,Желтыйбанк(RUB),51230,RUB,https://alfabit.org/ru/exchange,1682,trc erc
2025-01-16 09:28:00,Tinkoff,45100,RUB,Ether,0.12859662,ETH,https://changeexpert.io,22783,trc trx
2025-01-16 08:23:00,Tinkoff,50000,RUB,Ether,0.1402949,ETH,https://changeexpert.io,22783,trc trx
2025-01-16 08:22:00,Sberbank,70000,RUB,Tether,662.1,USDT,https://changeexpert.io,22783,trc trx
2025-01-17 08:57:00,USDT TRC20,0,?,Т-Банк (Тинькофф),10422,RUB,https://avanchange.com/,1808,trc erc bep ton
2025-01-17 08:57:00,USDT BEP20,0,?,Т-Банк (Тинькофф),41000,RUB,https://avanchange.com/,1808,trc erc bep ton
2025-01-17 08:56:00,USDT TRC20,0,?,Сбербанк,11384,RUB,https://avanchange.com/,1808,trc erc bep ton
2025-01-17 08:52:00,Solana,0,?,СБП,14509,RUB,https://avanchange.com/,1808,trc erc bep ton
2025-01-17 08:54:00,Т-Банк (Тинькофф),0,?,Bitcoin,0.001883,BTC,https://avanchange.com/,1808,trc erc bep ton
2025-01-17 08:41:00,Bitcoin,0.003959,BTC,Tinkoff,41325.84,RUB,https://niceobmen.com,10334,trc erc bep
2025-01-17 07:36:00,Litecoin-Logo-scaled,4.12,LTC,Tinkoff,58113.84,RUB,https://niceobmen.com,10334,trc erc bep
2025-01-17 07:35:00,Tether,300,USDT,89be191b4152ac284879e19a53c55e44,30702,RUB,https://niceobmen.com,10334,trc erc bep
2025-01-17 07:09:00,TRON-Icon-icon,398,USDT,Sberbank-RUB-,40603.96,RUB,https://yaobmen.cash,10913,trc erc bep
2025-01-17 08:24:00,TRON-Icon-icon,314,USDT,Tinkoff-RUB,32053.12,RUB,https://yaobmen.cash,10913,trc erc bep
2025-01-17 08:18:00,TRON-Icon-icon,488.04,USDT,Sberbank-RUB-,49716.63,RUB,https://yaobmen.cash,10913,trc erc bep
2025-01-16 08:55:00,Sberbank,40000,RUB,Tether,379.6194,USDT,https://nadex.io/,19731,trc erc bep
2025-01-16 07:00:00,Bitcoin,0.02,BTC,20-SBP,206236.1549,RUB,https://nadex.io/,19731,trc erc bep
2025-01-17 08:39:00,photo-2024-12-15-15-18-16,110000,RUB,Tether,1046.5376,USDT,https://nadex.io/,19731,trc erc bep
2025-01-17 09:00:00,Tether,100,USDT,26-TRON,404.720682,TRX,https://bobr.exchange/,0,trc erc bep
2025-01-17 08:28:00,Tether,1600,USDT,15-Visa,5845.6,AED,https://bobr.exchange/,0,trc erc bep
2025-01-17 07:35:00,Tether,2464.2006,USDT,15-Visa,8999.9999,AED,https://bobr.exchange/,0,trc erc bep
2025-01-17 08:40:00,Tether,230,USDT,Visa-Master,722.223,BYN,https://bobr.exchange/,0,trc erc bep
2025-01-17 09:10:00,photo-2024-12-15-15-18-16,200000,RUB,Tether,1911.9984,USDT,https://finex24.io,10943,trc,erc,bep
2025-01-17 08:30:00,Bitcoin,0.01,BTC,Sberbank,105633.9643,RUB,https://finex24.io,10943,trc,erc,bep
2025-01-17 08:14:00,Bitcoin,0.04986116,BTC,Cash,526000,RUB,https://finex24.io,10943,trc,erc,bep
2025-01-17 09:10:00,Tether,200,USDT,Tinkoff,20332.27796,RUB,https://buhtaobmena.me,11221,trc bep
2025-01-17 09:08:00,Tether,700,USDT,Sberbank,71278.256,RUB,https://buhtaobmena.me,11221,trc bep
2025-01-17 09:14:00,Kaspi-bank,248000,KZT,Sberbank,45766.590389,RUB,https://buhtaobmena.me,11221,trc bep
2025-01-17 08:57:00,free-png.ru-126,5100,RUB,726-7265090-trx-tron-hd-png-download-PhotoRoom-1,182.68695621,TRX,https://cripthub.ru/,1789,trc erc bep
2025-01-17 08:51:00,free-png.ru-126,5600,RUB,bitcoin-btc-logo,0.00047734,BTC,https://cripthub.ru/,1789,trc erc bep
2025-01-17 08:49:00,2031468,14800,RUB,bitcoin-btc-logo,0.00127638,BTC,https://cripthub.ru/,1789,trc erc bep
2025-01-17 08:46:00,pngegg,6700,RUB,bitcoin-btc-logo,0.00056583,BTC,https://cripthub.ru/,1789,trc erc bep
2025-01-17 08:36:00,1mir,9900,RUB,bitcoin-btc-logo,0.00082682,BTC,https://cripthub.ru/,1789,trc erc bep
2025-01-17 06:26:17.529352,Solana(SOL),1.3,SOL,Желтыйбанк(RUB),28510,RUB,https://alfabit.org/ru/exchange,1682,trc erc
2025-01-17 06:26:17.530255,Tether(USDT)TRC20,850,USDT,ПочтаБанк(RUB),86820,RUB,https://alfabit.org/ru/exchange,1682,trc erc
2025-01-17 06:26:17.530950,Dogecoin(DOGE),965.07,DOGE,СБП(RUB),40950,RUB,https://alfabit.org/ru/exchange,1682,trc erc
2025-01-17 06:26:17.531642,Tether(USDT)TRC20,62,USDT,Желтыйбанк(RUB),6320,RUB,https://alfabit.org/ru/exchange,1682,trc erc
2025-01-17 06:26:17.532324,Tether(USDT)BEP20,423.27,USDT,СБП(RUB),43200,RUB,https://alfabit.org/ru/exchange,1682,trc erc
2025-01-17 06:26:17.533033,Tether(USDT)BEP20,499,USDT,Красныйбанк(RUB),50920,RUB,https://alfabit.org/ru/exchange,1682,trc erc
2025-01-17 06:26:17.533794,Tether(USDT)BEP20,98.07,USDT,Желтыйбанк(RUB),10000,RUB,https://alfabit.org/ru/exchange,1682,trc erc
2025-01-17 06:26:17.534509,BTC,0.01,BTC,Зеленыйбанк(RUB),99870,RUB,https://alfabit.org/ru/exchange,1682,trc erc
2025-01-17 06:26:17.535222,BTC,0.005,BTC,Кукуруза(RUB),50070,RUB,https://alfabit.org/ru/exchange,1682,trc erc
2025-01-17 06:26:17.535937,BTC,0.01,BTC,Красныйбанк(RUB),104100,RUB,https://alfabit.org/ru/exchange,1682,trc erc
2025-01-17 09:24:00,USDT ERC20,0,?,Сбербанк,70000,RUB,https://avanchange.com/,1808,trc erc bep ton
2025-01-17 09:18:00,USDT BEP20,0,?,Т-Банк (Тинькофф),10062,RUB,https://avanchange.com/,1808,trc erc bep ton
2025-01-17 09:18:00,USDT BEP20,0,?,Сбербанк,12272,RUB,https://avanchange.com/,1808,trc erc bep ton
2025-01-17 09:19:00,Dogecoin,0,?,Сбербанк,25196,RUB,https://avanchange.com/,1808,trc erc bep ton
2025-01-17 09:16:00,USDT TON,0,?,Сбербанк,10059,RUB,https://avanchange.com/,1808,trc erc bep ton
2025-01-17 08:32:00,TRON-Icon-icon,300,USDT,Sberbank-RUB-,30513,RUB,https://yaobmen.cash,10913,trc erc bep
2025-01-17 07:31:00,TRON-Icon-icon,19384.57,USDT,Cash-Nalichnyie-RUB,2000293.78,RUB,https://yaobmen.cash,10913,trc erc bep
2025-01-17 07:27:00,Bitcoin-BTC,0.0038,BTC,Sberbank-RUB-,39102.44,RUB,https://yaobmen.cash,10913,trc erc bep
2025-01-17 08:56:00,photo-2024-12-15-15-18-16,40000,RUB,Tether,382.301,USDT,https://nadex.io/,19731,trc erc bep
2025-01-17 08:56:00,Sberbank,70000,RUB,Bitcoin,0.006524,BTC,https://nadex.io/,19731,trc erc bep
2025-01-17 08:53:00,Sberbank,107200,RUB,Tether,1019.5444,USDT,https://nadex.io/,19731,trc erc bep
2025-01-17 09:34:00,Bitcoin,0.003211,BTC,Sistema-byistryih-platezhey,29988,RUB,https://barry24.com,11204,trc erc bep
2025-01-17 09:33:00,Visa-Master-Mir,1000,RUB,20799102-logo-moneygo1,905.45,RUB,https://barry24.com,11204,trc erc bep
2025-01-15 19:43:00,Visa-Master-Mir,1217,RUB,20799102-logo-moneygo1,1101.93,RUB,https://barry24.com,11204,trc erc bep
2025-01-17 08:33:00,Tether,5000,USDT,photo-2024-12-15-15-18-16,519072.5,RUB,https://finex24.io,10943,trc,erc,bep
2025-01-17 09:36:00,photo-2024-12-15-15-18-16,70000,RUB,Litecoin,4.709151,LTC,https://finex24.io,10943,trc,erc,bep
2025-01-17 09:28:00,Sberbank,25600,RUB,Bitcoin,0.00238418,BTC,https://finex24.io,10943,trc,erc,bep
2025-01-17 09:27:00,Tether,700,USDT,51e6f562-46d7-4e67-9da0-8fa8f9146c15,70700,RUB,https://btchange.ru,11173,trc erc
2025-01-17 08:38:00,Monero,2.5217,XMR,1622-oooo.plus-,55461.2019,RUB,https://btchange.ru,11173,trc erc
2025-01-17 09:29:00,Tinkoff,400000,RUB,HalykBank,2005840,KZT,https://buhtaobmena.me,11221,trc bep
2025-01-17 09:38:00,Tether,371,USDT,Sberbank,37661.60496,RUB,https://buhtaobmena.me,11221,trc bep
2025-01-17 09:11:00,Tinkoff,100000,RUB,Visa-Master,496460,KZT,https://buhtaobmena.me,11221,trc bep
2025-01-17 09:18:00,logo-sbermarket-square-be8e750b,6400,RUB,monero-xmr-logo,0.25267933,XMR,https://cripthub.ru/,1789,trc erc bep
2025-01-17 09:27:00,free-png.ru-126,8100,RUB,bitcoin-btc-logo,0.0006849,BTC,https://cripthub.ru/,1789,trc erc bep
2025-01-17 09:28:00,png-transparent-raiffeisenbank-raiffeisen-zentralbank-raiffeisen-bankengruppe-raiffeisen-bank-international-bank-angle-text-rectangle,8800,RUB,bitcoin-btc-logo,0.00073726,BTC,https://cripthub.ru/,1789,trc erc bep
2025-01-17 09:14:00,free-png.ru-126,5000,RUB,bitcoin-btc-logo,0.00042153,BTC,https://cripthub.ru/,1789,trc erc bep
2025-01-17 09:14:00,logo-sbermarket-square-be8e750b,14500,RUB,bitcoin-btc-logo,0.00126024,BTC,https://cripthub.ru/,1789,trc erc bep
2025-01-17 07:03:10.390787,Tether(USDT)BEP20,492.85,USDT,Зеленыйбанк(RUB),50170,RUB,https://alfabit.org/ru/exchange,1682,trc erc
2025-01-17 07:03:10.391800,Tether(USDT)BEP20,144.27,USDT,Желтыйбанк(RUB),14700,RUB,https://alfabit.org/ru/exchange,1682,trc erc
2025-01-17 07:03:10.392577,Tether(USDT)TRC20,598.62,USDT,Желтыйбанк(RUB),61000,RUB,https://alfabit.org/ru/exchange,1682,trc erc
2025-01-17 07:03:10.393470,USDCoin(USDC),1181.46,USDC,Желтыйбанк(cashin),120000,cashin,https://alfabit.org/ru/exchange,1682,trc erc
2025-01-17 07:03:10.394289,Toncoin(TON),16,TON,Желтыйбанк(RUB),9110,RUB,https://alfabit.org/ru/exchange,1682,trc erc
2025-01-17 07:03:10.395100,Tether(USDT)TRC20,588.58,USDT,Желтыйбанк(RUB),60000,RUB,https://alfabit.org/ru/exchange,1682,trc erc
2025-01-17 07:03:10.396061,Tether(USDT)TRC20,50,USDT,Желтыйбанк(RUB),5090,RUB,https://alfabit.org/ru/exchange,1682,trc erc
2025-01-17 07:03:10.396818,Tether(USDT)TRC20,300,USDT,Желтыйбанк(RUB),30550,RUB,https://alfabit.org/ru/exchange,1682,trc erc
2025-01-17 07:03:10.397596,BinanceCoin(BNB),0.089,BNB,Желтыйбанк(RUB),6500,RUB,https://alfabit.org/ru/exchange,1682,trc erc
2025-01-17 07:03:10.398313,Solana(SOL),1.5,SOL,Tether(USDT)SOL,322.759,USDT,https://alfabit.org/ru/exchange,1682,trc erc
2025-01-17 09:56:00,Сбербанк,0,?,Bitcoin,0.000441,BTC,https://avanchange.com/,1808,trc erc bep ton
2025-01-17 09:54:00,TRON,0,?,ЮMoney,19252,RUB,https://avanchange.com/,1808,trc erc bep ton
2025-01-17 09:54:00,Ethereum Classic,0,?,Альфа-банк,14055,RUB,https://avanchange.com/,1808,trc erc bep ton
2025-01-17 09:53:00,USDT ERC20,0,?,Сбербанк,10160,RUB,https://avanchange.com/,1808,trc erc bep ton
2025-01-17 09:49:00,USDT TON,0,?,Т-Банк (Тинькофф),47000,RUB,https://avanchange.com/,1808,trc erc bep ton
2025-01-17 08:28:00,Bitcoin,0.008,BTC,89be191b4152ac284879e19a53c55e44,83608.54,RUB,https://niceobmen.com,10334,trc erc bep
2025-01-17 08:55:00,Dogecoin,1000,DOGE,Sberbank,42660,RUB,https://niceobmen.com,10334,trc erc bep
2025-01-17 08:52:00,TRON-Icon-icon,499,USDT,Sberbank-RUB-,50853.09,RUB,https://yaobmen.cash,10913,trc erc bep
2025-01-17 08:52:00,Cash-Nalichnyie-RUB,813000,RUB,TRON-Icon-icon,7725.2,USDT,https://yaobmen.cash,10913,trc erc bep
2025-01-17 09:39:00,photo-2024-12-15-15-18-16,42148.6288,RUB,Tether,401,USDT,https://nadex.io/,19731,trc erc bep
2025-01-17 08:23:00,Tether,700,USDT,Sberbank,72708.65,RUB,https://nadex.io/,19731,trc erc bep
2025-01-17 08:37:00,Sberbank,500000,RUB,Tether,4755.1705,USDT,https://nadex.io/,19731,trc erc bep
2025-01-17 08:25:00,Bitcoin,0.01,BTC,Visa-Master,1004.2168,USD,https://bobr.exchange/,0,trc erc bep
2025-01-17 09:38:00,photo-2024-12-15-15-18-16,40000,RUB,Tether,380.5519,USDT,https://finex24.io,10943,trc,erc,bep
2025-01-17 09:20:00,Sberbank,70000,RUB,Tether,664.4821,USDT,https://finex24.io,10943,trc,erc,bep
2025-01-17 10:49:00,Visa-Master-Mir,1105,RUB,20799102-logo-moneygo1,1000.52,RUB,https://barry24.com,11204,trc erc bep
2025-01-16 12:39:00,Sistema-byistryih-platezhey,1325,RUB,20799102-logo-moneygo1,1199.72,RUB,https://barry24.com,11204,trc erc bep
2025-01-17 10:38:00,Sistema-byistryih-platezhey,2000,RUB,20799102-logo-moneygo1,1810.9,RUB,https://barry24.com,11204,trc erc bep
2025-01-17 10:26:00,Tether,925,USDT,photo-2024-12-15-15-18-16,95767.5625,RUB,https://finex24.io,10943,trc,erc,bep
2025-01-17 10:36:00,Sberbank,50000,RUB,Tether,475.9865,USDT,https://finex24.io,10943,trc,erc,bep
2025-01-17 08:46:00,Dogecoin,1983.615632,DOGE,Sberbank,84005.1302,RUB,https://finex24.io,10943,trc,erc,bep
2025-01-17 10:46:00,Tether,277.0987,USDT,Sberbank,28102.286095,RUB,https://buhtaobmena.me,11221,trc bep
2025-01-17 10:05:00,Bitcoin,0.00377985,BTC,Tinkoff,39138.2671313,RUB,https://buhtaobmena.me,11221,trc bep
2025-01-17 10:23:00,27-Toncoin,100,TON,Tinkoff,56578.00951,RUB,https://buhtaobmena.me,11221,trc bep
2025-01-17 10:33:00,pngegg-2,8000,RUB,bitcoin-btc-logo,0.00066971,BTC,https://cripthub.ru/,1789,trc erc bep
2025-01-17 10:28:00,logo-sbermarket-square-be8e750b,5600,RUB,bitcoin-btc-logo,0.00047334,BTC,https://cripthub.ru/,1789,trc erc bep
2025-01-17 10:14:00,logo-sbermarket-square-be8e750b,12300,RUB,bitcoin-btc-logo,0.00107336,BTC,https://cripthub.ru/,1789,trc erc bep
2025-01-17 09:44:00,1mir,5600,RUB,bitcoin-btc-logo,0.00047006,BTC,https://cripthub.ru/,1789,trc erc bep
2025-01-17 10:10:00,free-png.ru-126,11700,RUB,bitcoin-btc-logo,0.00102184,BTC,https://cripthub.ru/,1789,trc erc bep
2025-01-17 08:04:18.761287,Tether(USDT)TRC20,96,USDT,Желтыйбанк(RUB),9780,RUB,https://alfabit.org/ru/exchange,1682,trc erc
2025-01-17 08:04:18.762178,Litecoin(LTC),3.58,LTC,Желтыйбанк(RUB),50340,RUB,https://alfabit.org/ru/exchange,1682,trc erc
2025-01-17 08:04:18.762924,Litecoin(LTC),0.784,LTC,Желтыйбанк(RUB),11000,RUB,https://alfabit.org/ru/exchange,1682,trc erc
2025-01-17 08:04:18.763650,Tether(USDT)BEP20,49.04,USDT,Желтыйбанк(RUB),4990,RUB,https://alfabit.org/ru/exchange,1682,trc erc
2025-01-17 08:04:18.764389,Tether(USDT)BEP20,50,USDT,Желтыйбанк(RUB),5090,RUB,https://alfabit.org/ru/exchange,1682,trc erc
2025-01-17 08:04:18.765146,BitcoinCash(BCH),1.2,BCH,Синийбанк(RUB),58870,RUB,https://alfabit.org/ru/exchange,1682,trc erc
2025-01-17 08:04:18.766061,Желтыйбанк(RUB),57500,RUB,Tether(USDT)TRC20,534.96,USDT,https://alfabit.org/ru/exchange,1682,trc erc
2025-01-17 08:04:18.766820,Tether(USDT)BEP20,289,USDT,Желтыйбанк(RUB),29430,RUB,https://alfabit.org/ru/exchange,1682,trc erc
2025-01-17 08:04:18.767570,Tether(USDT)BEP20,70,USDT,Желтыйбанк(RUB),7130,RUB,https://alfabit.org/ru/exchange,1682,trc erc
2025-01-17 08:04:18.768346,BitcoinCash(BCH),0.102,BCH,Желтыйбанк(RUB),5010,RUB,https://alfabit.org/ru/exchange,1682,trc erc
2025-01-17 10:59:00,Сбербанк,0,?,USDT TRC20,44,USDT,https://avanchange.com/,1808,trc erc bep ton
2025-01-17 10:54:00,USDT BEP20,0,?,Т-Банк (Тинькофф),29123,RUB,https://avanchange.com/,1808,trc erc bep ton
2025-01-17 10:53:00,USDT TRC20,0,?,ЮMoney,15059,RUB,https://avanchange.com/,1808,trc erc bep ton
2025-01-17 10:50:00,Т-Банк (Тинькофф),0,?,USDT TRC20,44,USDT,https://avanchange.com/,1808,trc erc bep ton
2025-01-17 10:48:00,USDT TRC20,0,?,ЮMoney,17569,RUB,https://avanchange.com/,1808,trc erc bep ton
2025-01-17 09:27:00,Tether,500,USDT,Alipay,3585.5,ALPCNY,https://niceobmen.com,10334,trc erc bep
2025-01-17 08:31:00,Tether-BEP-20,3263.9,USDT,Cash-Nalichnyie-RUB,339608.79,RUB,https://yaobmen.cash,10913,trc erc bep
2025-01-17 10:18:00,TRON-Icon-icon,300,USDT,Tinkoff-RUB,30615,RUB,https://yaobmen.cash,10913,trc erc bep
2025-01-17 10:25:00,TRON-Icon-icon,300,USDT,Sberbank-RUB-,30585,RUB,https://yaobmen.cash,10913,trc erc bep
2025-01-17 10:36:00,Sberbank,60000,RUB,Tether,571.1849,USDT,https://nadex.io/,19731,trc erc bep
2025-01-17 10:25:00,photo-2024-12-15-15-18-16,500000,RUB,Tether,4759.8195,USDT,https://nadex.io/,19731,trc erc bep
2025-01-17 09:24:00,Tether,1271,USDT,photo-2024-12-15-15-18-16,132242.0847,RUB,https://nadex.io/,19731,trc erc bep
2025-01-17 10:19:00,Tinkoff,200000,RUB,Alipay,13371.8442,CNY,https://bobr.exchange/,0,trc erc bep
2025-01-17 10:46:00,Tether,2109.66,USDT,qq,2100,USD,https://bobr.exchange/,0,trc erc bep
2025-01-17 10:41:00,Tether,960,USDT,35-Revolut,927.357,EUR,https://bobr.exchange/,0,trc erc bep
2025-01-17 10:03:00,Tether,965.1,USDT,Bank-transfer,3030.028,BYN,https://bobr.exchange/,0,trc erc bep
2025-01-17 09:19:00,Tether,710,USDT,photo-2024-12-15-15-18-16,73553.87,RUB,https://finex24.io,10943,trc,erc,bep
2025-01-17 10:28:00,Tether,869.2713,USDT,photo-2024-12-15-15-18-16,90000.004,RUB,https://finex24.io,10943,trc,erc,bep
2025-01-17 10:45:00,05-RNKB,85500,RUB,Tether,794.6964,USDT,https://buhtaobmena.me,11221,trc bep
2025-01-17 09:30:00,Tether,4000,USDT,Sberbank,384985.2,RUB,https://buhtaobmena.me,11221,trc bep
2025-01-17 10:55:00,Ether,0.087,ETH,Tinkoff,30204.4134585,RUB,https://buhtaobmena.me,11221,trc bep
2025-01-17 10:52:00,pngegg-2,5000,RUB,eth,0.012505,ETH,https://cripthub.ru/,1789,trc erc bep
2025-01-17 10:25:00,free-png.ru-126,15000,RUB,monero-xmr-logo,0.60755935,XMR,https://cripthub.ru/,1789,trc erc bep
2025-01-17 10:18:00,free-png.ru-126,8500,RUB,monero-xmr-logo,0.33466969,XMR,https://cripthub.ru/,1789,trc erc bep
2025-01-17 08:58:00,Tether-1,102.640952,USDT,free-png.ru-126,10000,RUB,https://cripthub.ru/,1789,trc erc bep
2025-01-17 08:10:18.285107,Litecoin(LTC),0.783,LTC,Желтыйбанк(RUB),11000,RUB,https://alfabit.org/ru/exchange,1682,trc erc
2025-01-17 08:10:18.286122,Tether(USDT)TRC20,295,USDT,Желтыйбанк(RUB),30060,RUB,https://alfabit.org/ru/exchange,1682,trc erc
2025-01-17 08:10:18.292046,Желтыйбанк(RUB),100000,RUB,Tether(USDT)BEP20,930.37,USDT,https://alfabit.org/ru/exchange,1682,trc erc
2025-01-17 11:04:00,USDT BEP20,0,?,СБП,12000,RUB,https://avanchange.com/,1808,trc erc bep ton
2025-01-17 11:04:00,Litecoin,0,?,Т-Банк (Тинькофф),12548,RUB,https://avanchange.com/,1808,trc erc bep ton
2025-01-17 10:09:00,Bitcoin,0.004752,BTC,Sberbank,49363.54,RUB,https://niceobmen.com,10334,trc erc bep
2025-01-16 17:56:00,Tether,3000,USDT,qq,3009.9327782,USD,https://bobr.exchange/,0,trc erc bep
2025-01-17 10:37:00,20-SBP,70000,RUB,Tether,666.3544,USDT,https://finex24.io,10943,trc,erc,bep
2025-01-17 10:34:00,Sberbank,42200,RUB,Tether,401.7314,USDT,https://finex24.io,10943,trc,erc,bep
2025-01-17 10:31:00,20-SBP,35000,RUB,Bitcoin,0.00319812,BTC,https://finex24.io,10943,trc,erc,bep
2025-01-17 10:32:00,Monero,3.3183,XMR,51e6f562-46d7-4e67-9da0-8fa8f9146c15,73627.8789,RUB,https://btchange.ru,11173,trc erc
2025-01-17 10:07:00,Bitcoin,0.0069,BTC,Sberbank,71195.3934467,RUB,https://buhtaobmena.me,11221,trc bep
2025-01-17 09:54:00,Tinkoff,400000,RUB,53-Jusan-Bank,1964880,KZT,https://buhtaobmena.me,11221,trc bep
2025-01-17 09:57:00,Tether,1283.3043,USDT,Tinkoff,129962.4986796,RUB,https://buhtaobmena.me,11221,trc bep
2025-01-17 10:38:00,1mir,11500,RUB,monero-xmr-logo,0.45955714,XMR,https://cripthub.ru/,1789,trc erc bep
2025-01-17 10:30:00,png-transparent-raiffeisenbank-raiffeisen-zentralbank-raiffeisen-bankengruppe-raiffeisen-bank-international-bank-angle-text-rectangle,5200,RUB,monero-xmr-logo,0.20188276,XMR,https://cripthub.ru/,1789,trc erc bep
2025-01-17 10:57:00,free-png.ru-126,7800,RUB,litecoin-ltc-logo,0.50052145,LTC,https://cripthub.ru/,1789,trc erc bep
2025-01-17 08:20:19.455462,Tether(USDT)TRC20,99,USDT,Желтыйбанк(RUB),10090,RUB,https://alfabit.org/ru/exchange,1682,trc erc
2025-01-17 08:20:19.458642,Tether(USDT)BEP20,195.43,USDT,Желтыйбанк(RUB),19920,RUB,https://alfabit.org/ru/exchange,1682,trc erc
2025-01-17 08:20:19.460118,Dogecoin(DOGE),2135.04,DOGE,Желтыйбанк(RUB),90000,RUB,https://alfabit.org/ru/exchange,1682,trc erc
2025-01-17 08:20:19.461753,NEARProtocol(NEAR),250,NEAR,Зеленыйбанк(RUB),141310,RUB,https://alfabit.org/ru/exchange,1682,trc erc
2025-01-17 08:20:19.464269,Желтыйбанк(RUB),450000,RUB,BTC,0.041,BTC,https://alfabit.org/ru/exchange,1682,trc erc
2025-01-17 11:13:00,USDT TRC20,0,?,Сбербанк,11150,RUB,https://avanchange.com/,1808,trc erc bep ton
2025-01-17 11:13:00,USDT TRC20,0,?,Сбербанк,50003,RUB,https://avanchange.com/,1808,trc erc bep ton
2025-01-17 11:13:00,Сбербанк,0,?,USDT TRC20,44,USDT,https://avanchange.com/,1808,trc erc bep ton
2025-01-17 11:08:00,USDT TRC20,0,?,VISA/MasterCard,40169,RUB,https://avanchange.com/,1808,trc erc bep ton
2025-01-17 11:08:00,USDT BEP20,0,?,VISA/MasterCard,16565,RUB,https://avanchange.com/,1808,trc erc bep ton
2025-01-17 11:01:00,89be191b4152ac284879e19a53c55e44,55000,RUB,Tether,513.8742,USDT,https://niceobmen.com,10334,trc erc bep
2025-01-17 10:31:00,SOL-e1732539686580,1.64,SOL,Tinkoff,36367.59,RUB,https://niceobmen.com,10334,trc erc bep
2025-01-17 10:50:00,Tether-Icon,1000,USDT,Sberbank-RUB-,101940,RUB,https://yaobmen.cash,10913,trc erc bep
2025-01-17 09:41:00,Bitcoin-BTC,0.054754,BTC,Cash,5535.1854,USD,https://yaobmen.cash,10913,trc erc bep
2025-01-17 09:35:00,Tether-Icon,1410.46,USDT,Cash,1401.9972,USD,https://yaobmen.cash,10913,trc erc bep
2025-01-17 11:20:00,VTB,55000,RUB,Tether,523.3634,USDT,https://finex24.io,10943,trc,erc,bep
2025-01-17 10:59:00,photo-2024-12-15-15-18-16,194000,RUB,Tether,1847.123,USDT,https://finex24.io,10943,trc,erc,bep
2025-01-17 10:26:00,Tether,869.2923,USDT,photo-2024-12-15-15-18-16,90000.005,RUB,https://finex24.io,10943,trc,erc,bep
2025-01-17 10:41:00,Bank-transfer,24000,RUB,arb,275.0907,ARB,https://buhtaobmena.me,11221,trc bep
2025-01-17 11:08:00,Tether,230,USDT,Tinkoff,23263.41992,RUB,https://buhtaobmena.me,11221,trc bep
2025-01-17 10:12:00,Bitcoin,0.015,BTC,20-SBP,153917.4972424,RUB,https://buhtaobmena.me,11221,trc bep
2025-01-17 08:30:17.118750,Ripple(XRP),120,XRP,Желтыйбанк(RUB),40440,RUB,https://alfabit.org/ru/exchange,1682,trc erc
2025-01-17 08:30:17.120246,Toncoin(TON),10,TON,Желтыйбанк(RUB),5740,RUB,https://alfabit.org/ru/exchange,1682,trc erc
2025-01-17 08:30:17.121212,Tether(USDT)TRC20,343.78,USDT,Желтыйбанк(RUB),35110,RUB,https://alfabit.org/ru/exchange,1682,trc erc
2025-01-17 08:30:17.122345,Dogecoin(DOGE),580,DOGE,Желтыйбанк(RUB),24570,RUB,https://alfabit.org/ru/exchange,1682,trc erc
2025-01-17 08:30:17.123300,Dogecoin(DOGE),1416.62,DOGE,Желтыйбанк(RUB),60000,RUB,https://alfabit.org/ru/exchange,1682,trc erc
2025-01-17 08:30:17.124268,Tether(USDT)TON,320,USDT,Желтыйбанк(RUB),32630,RUB,https://alfabit.org/ru/exchange,1682,trc erc
2025-01-17 08:30:17.125240,Tether(USDT)TRC20,328,USDT,Желтыйбанк(RUB),33490,RUB,https://alfabit.org/ru/exchange,1682,trc erc
2025-01-17 08:30:17.126270,BinanceCoin(BNB),0.07,BNB,Желтыйбанк(RUB),5160,RUB,https://alfabit.org/ru/exchange,1682,trc erc
2025-01-17 08:30:17.127343,Tether(USDT)TRC20,143,USDT,Желтыйбанк(RUB),14600,RUB,https://alfabit.org/ru/exchange,1682,trc erc
2025-01-17 11:22:00,USDT TRC20,0,?,СБП,85351,RUB,https://avanchange.com/,1808,trc erc bep ton
2025-01-17 11:21:00,Сбербанк,0,?,Bitcoin,0.00149,BTC,https://avanchange.com/,1808,trc erc bep ton
2025-01-17 11:23:00,Сбербанк,0,?,Bitcoin,0.00044,BTC,https://avanchange.com/,1808,trc erc bep ton
2025-01-17 11:20:00,USDT TRC20,0,?,Т-Банк (Тинькофф),10039,RUB,https://avanchange.com/,1808,trc erc bep ton
2025-01-17 11:19:00,USDT TRC20,0,?,Т-Банк (Тинькофф),67500,RUB,https://avanchange.com/,1808,trc erc bep ton
2025-01-17 11:09:00,Tether,300,USDT,Sberbank,30603,RUB,https://niceobmen.com,10334,trc erc bep
2025-01-17 10:54:00,TRON-Icon-icon,420,USDT,Sberbank-RUB-,42865.2,RUB,https://yaobmen.cash,10913,trc erc bep
2025-01-17 09:43:00,Cash-Nalichnyie-RUB,500000,RUB,TRON-Icon-icon,4756.47,USDT,https://yaobmen.cash,10913,trc erc bep
2025-01-17 11:13:00,Sberbank,175414.128,RUB,Tether,1670.0064,USDT,https://nadex.io/,19731,trc erc bep
2025-01-17 10:58:00,photo-2024-12-15-15-18-16,60000,RUB,Tether,571.2746,USDT,https://nadex.io/,19731,trc erc bep
2025-01-17 10:25:00,photo-2024-12-15-15-18-16,432687.3573,RUB,Tether,4119.0196,USDT,https://nadex.io/,19731,trc erc bep
2025-01-17 11:15:00,Tether,100.4482,USDT,Visa-Master,318.4911,BYN,https://bobr.exchange/,0,trc erc bep
2025-01-17 11:02:00,Tether,1013.6891,USDT,Visa-Master,399989.8587,AMD,https://bobr.exchange/,0,trc erc bep
2025-01-17 10:52:00,Bitcoin,0.022997,BTC,Tether,2123,USDT,https://barry24.com,11204,trc erc bep
2025-01-17 10:35:00,Tether,867.7869,USDT,photo-2024-12-15-15-18-16,90000.0018,RUB,https://finex24.io,10943,trc,erc,bep
2025-01-17 11:05:00,Visa-Master-Mir,60000,RUB,Tether,571.1794,USDT,https://finex24.io,10943,trc,erc,bep
2025-01-17 09:15:00,Bitcoin,0.0077,BTC,photo-2024-12-15-15-18-16,80931.9582,RUB,https://finex24.io,10943,trc,erc,bep
2025-01-17 10:47:00,Litecoin,1.905,LTC,06-MTS-Bank,26570.2418004,RUB,https://buhtaobmena.me,11221,trc bep
2025-01-17 11:09:00,Tether,412,USDT,05-RNKB,41675.872154,RUB,https://buhtaobmena.me,11221,trc bep
2025-01-17 11:19:00,Ether,0.043,ETH,10-Karta-Mir,14799.4601,RUB,https://buhtaobmena.me,11221,trc bep
2025-01-17 10:46:00,pngegg,5200,RUB,bitcoin-btc-logo,0.0004391,BTC,https://cripthub.ru/,1789,trc erc bep
2025-01-17 10:56:00,logo-sbermarket-square-be8e750b,5000,RUB,bitcoin-btc-logo,0.00042235,BTC,https://cripthub.ru/,1789,trc erc bep
2025-01-17 08:40:16.579348,Tether(USDT)BEP20,100,USDT,Желтыйбанк(RUB),10210,RUB,https://alfabit.org/ru/exchange,1682,trc erc
2025-01-17 08:40:16.580528,Желтыйбанк(RUB),115000,RUB,BTC,0.01,BTC,https://alfabit.org/ru/exchange,1682,trc erc
2025-01-17 08:40:16.581595,USDCoin(USDC),492.4,USDC,Зеленыйбанк(RUB),50000,RUB,https://alfabit.org/ru/exchange,1682,trc erc
2025-01-17 08:40:16.582619,Dogecoin(DOGE),1647.05,DOGE,Желтыйбанк(RUB),70000,RUB,https://alfabit.org/ru/exchange,1682,trc erc
2025-01-17 08:40:16.583656,Tron(TRX),385,TRX,Желтыйбанк(RUB),9710,RUB,https://alfabit.org/ru/exchange,1682,trc erc
2025-01-17 08:40:16.584687,Dogecoin(DOGE),518,DOGE,Желтыйбанк(RUB),22010,RUB,https://alfabit.org/ru/exchange,1682,trc erc
2025-01-17 11:35:00,USDT TRC20,0,?,Т-Банк (Тинькофф),51200,RUB,https://avanchange.com/,1808,trc erc bep ton
2025-01-17 11:30:00,Сбербанк,0,?,Bitcoin,0.000484,BTC,https://avanchange.com/,1808,trc erc bep ton
2025-01-17 11:26:00,USDT TRC20,0,?,СБП,13765,RUB,https://avanchange.com/,1808,trc erc bep ton
2025-01-17 11:29:00,USDT TRC20,0,?,ЮMoney,10500,RUB,https://avanchange.com/,1808,trc erc bep ton
2025-01-17 11:28:00,USDT TRC20,0,?,TRON,402,TRX,https://avanchange.com/,1808,trc erc bep ton
2025-01-17 11:12:00,Tether,2399.6656,USDT,Wechat,17220,CNY,https://niceobmen.com,10334,trc erc bep
2025-01-17 09:49:00,Tether,3000,USDT,photo-2024-12-15-15-18-16,312159.6,RUB,https://nadex.io/,19731,trc erc bep
2025-01-17 11:10:00,photo-2024-12-15-15-18-16,208410,RUB,Tether,1984.9006,USDT,https://nadex.io/,19731,trc erc bep
2025-01-17 09:28:00,Bitcoin,0.008346,BTC,Sberbank,88491.3282,RUB,https://nadex.io/,19731,trc erc bep
2025-01-17 11:21:00,Bitcoin,0.001,BTC,Sistema-byistryih-platezhey,9392,RUB,https://barry24.com,11204,trc erc bep
2025-01-17 11:45:00,Payeer,4.259534,USD,20799102-logo-moneygo1,3.86,USD,https://barry24.com,11204,trc erc bep
2025-01-17 11:26:00,photo-2024-12-15-15-18-16,179000,RUB,Tether,1705.4847,USDT,https://finex24.io,10943,trc,erc,bep
2025-01-17 08:56:00,Tether,750,USDT,Sberbank,77776.95,RUB,https://finex24.io,10943,trc,erc,bep
2025-01-17 10:27:00,photo-2024-12-15-15-18-16,799461,RUB,Bitcoin,0.07542718,BTC,https://finex24.io,10943,trc,erc,bep
2025-01-17 11:36:00,Tether,200,USDT,Tinkoff,20225.1706,RUB,https://buhtaobmena.me,11221,trc bep
2025-01-17 11:18:00,Tether,200.8,USDT,Tinkoff,20308.0241628,RUB,https://buhtaobmena.me,11221,trc bep
2025-01-17 08:50:16.902951,Ethereum(ETH),0.171,ETH,Желтыйбанк(RUB),59530,RUB,https://alfabit.org/ru/exchange,1682,trc erc
2025-01-17 08:50:16.904206,Tron(TRX),2700,TRX,Зеленыйбанк(RUB),67940,RUB,https://alfabit.org/ru/exchange,1682,trc erc
2025-01-17 08:50:16.905298,BTC,0.005,BTC,Зеленыйбанк(RUB),50000,RUB,https://alfabit.org/ru/exchange,1682,trc erc
2025-01-17 08:50:16.906439,BTC,0.015,BTC,Зеленыйбанк(RUB),156250,RUB,https://alfabit.org/ru/exchange,1682,trc erc
2025-01-17 08:50:16.907529,Желтыйбанк(RUB),171000,RUB,BTC,0.016,BTC,https://alfabit.org/ru/exchange,1682,trc erc
2025-01-17 08:50:16.909618,Tether(USDT)OPTIMISM,1670,USDT,Зеленыйбанк(RUB),170040,RUB,https://alfabit.org/ru/exchange,1682,trc erc
2025-01-17 08:50:16.912688,Dogecoin(DOGE),1647.05,DOGE,Желтыйбанк(RUB),69990,RUB,https://alfabit.org/ru/exchange,1682,trc erc
2025-01-17 11:45:00,USDT BEP20,0,?,Binance Coin (BEP20),0.274718,BNB,https://avanchange.com/,1808,trc erc bep ton
2025-01-17 11:45:00,Т-Банк (Тинькофф),0,?,Bitcoin,0.000684,BTC,https://avanchange.com/,1808,trc erc bep ton
2025-01-17 11:39:00,USDT TRC20,0,?,Т-Банк (Тинькофф),17470,RUB,https://avanchange.com/,1808,trc erc bep ton
2025-01-17 11:37:00,USDT TRC20,0,?,Т-Банк (Тинькофф),51200,RUB,https://avanchange.com/,1808,trc erc bep ton
2025-01-17 11:37:00,USDT TRC20,0,?,Сбербанк,20078,RUB,https://avanchange.com/,1808,trc erc bep ton
2025-01-17 11:35:00,photo-2024-12-15-15-18-16,61000,RUB,Tether,581.4197,USDT,https://nadex.io/,19731,trc erc bep
2025-01-17 11:20:00,photo-2024-12-15-15-18-16,200000,RUB,Tether,1905.5586,USDT,https://nadex.io/,19731,trc erc bep
2025-01-17 11:13:00,photo-2024-12-15-15-18-16,27200,RUB,Bitcoin,0.002538,BTC,https://nadex.io/,19731,trc erc bep
2025-01-17 11:31:00,Tether,450,USDT,Bank-transfer,15358.5,THB,https://bobr.exchange/,0,trc erc bep
2025-01-17 10:39:00,Tether,700,USDT,photo-2024-12-15-15-18-16,72600.01,RUB,https://finex24.io,10943,trc,erc,bep
2025-01-17 08:33:00,Tether,1000,USDT,Sberbank,103595.6,RUB,https://finex24.io,10943,trc,erc,bep
2025-01-17 11:32:00,Tether,1000,USDT,1622-oooo.plus-,100690,RUB,https://btchange.ru,11173,trc erc
2025-01-17 11:32:00,Tether,150,USDT,20-SBP,15123.28011,RUB,https://buhtaobmena.me,11221,trc bep
2025-01-17 11:29:00,Tether,200,USDT,Bank-transfer,20066.9,RUB,https://buhtaobmena.me,11221,trc bep
2025-01-17 11:24:00,Tether,889.8089,USDT,Tinkoff,89999.9916924,RUB,https://buhtaobmena.me,11221,trc bep
2025-01-17 09:00:19.746445,Tether(USDT)BEP20,80.29,USDT,Желтыйбанк(RUB),8200,RUB,https://alfabit.org/ru/exchange,1682,trc erc
2025-01-17 09:00:19.747950,Tether(USDT)POLYGON,269.99,USDT,Желтыйбанк(RUB),27570,RUB,https://alfabit.org/ru/exchange,1682,trc erc
2025-01-17 09:00:19.749273,Tether(USDT)TON,50,USDT,Желтыйбанк(RUB),5100,RUB,https://alfabit.org/ru/exchange,1682,trc erc
2025-01-17 09:00:19.750668,Банковскаякарта(RUB),13000,RUB,Tether(USDT)BEP20,119.35,USDT,https://alfabit.org/ru/exchange,1682,trc erc
2025-01-17 09:00:19.751954,Tether(USDT)TRC20,201,USDT,Желтыйбанк(RUB),20530,RUB,https://alfabit.org/ru/exchange,1682,trc erc
2025-01-17 09:00:19.753602,Tron(TRX),300,TRX,Желтыйбанк(RUB),7570,RUB,https://alfabit.org/ru/exchange,1682,trc erc
2025-01-17 09:00:19.754768,Tether(USDT)TRC20,104,USDT,Желтыйбанк(RUB),10620,RUB,https://alfabit.org/ru/exchange,1682,trc erc
2025-01-17 09:00:19.756025,Litecoin(LTC),2,LTC,Желтыйбанк(RUB),28040,RUB,https://alfabit.org/ru/exchange,1682,trc erc
2025-01-17 09:00:19.757471,Tether(USDT)BEP20,99,USDT,Желтыйбанк(RUB),10110,RUB,https://alfabit.org/ru/exchange,1682,trc erc
2025-01-17 09:00:19.758688,Ethereum(ETH),0.171,ETH,Желтыйбанк(RUB),59320,RUB,https://alfabit.org/ru/exchange,1682,trc erc
2025-01-17 11:55:00,Сбербанк,0,?,Bitcoin,0.000744,BTC,https://avanchange.com/,1808,trc erc bep ton
2025-01-17 11:56:00,Т-Банк (Тинькофф),0,?,Bitcoin,0.001012,BTC,https://avanchange.com/,1808,trc erc bep ton
2025-01-17 11:50:00,Т-Банк (Тинькофф),0,?,Bitcoin,0.002306,BTC,https://avanchange.com/,1808,trc erc bep ton
2025-01-17 11:53:00,USDT ERC20,0,?,СБП,23100,RUB,https://avanchange.com/,1808,trc erc bep ton
2025-01-17 11:46:00,USDT BEP20,0,?,Binance Coin (BEP20),0.274718,BNB,https://avanchange.com/,1808,trc erc bep ton
2025-01-17 11:33:00,TRON-Icon-icon,340,USDT,Sberbank-RUB-,34717.4,RUB,https://yaobmen.cash,10913,trc erc bep
2025-01-17 09:15:00,Tether,700,USDT,Sberbank,72831.85,RUB,https://nadex.io/,19731,trc erc bep
2025-01-17 08:20:00,Tether,829.916,USDT,20-SBP,85207.4757,RUB,https://nadex.io/,19731,trc erc bep
2025-01-17 10:46:00,Tether,200,USDT,11-Karta-UZCARD,2595646,UZS,https://bobr.exchange/,0,trc erc bep
2025-01-17 12:03:00,Sistema-byistryih-platezhey,1399,RUB,20799102-logo-moneygo1,1266.72,RUB,https://barry24.com,11204,trc erc bep
2025-01-17 11:40:00,photo-2024-12-15-15-18-16,70000,RUB,Litecoin,4.740418,LTC,https://finex24.io,10943,trc,erc,bep
2025-01-17 11:23:00,VTB,97500,RUB,Bitcoin,0.00890505,BTC,https://finex24.io,10943,trc,erc,bep
2025-01-17 10:55:00,Sberbank,70000,RUB,Kaspi-bank,348985,KZT,https://buhtaobmena.me,11221,trc bep
2025-01-17 10:45:00,Tether,980,USDT,Sberbank,99387.8368,RUB,https://buhtaobmena.me,11221,trc bep
2025-01-17 11:36:00,Tinkoff,20000,RUB,Kaspi-bank,98700,KZT,https://buhtaobmena.me,11221,trc bep
2025-01-17 09:10:21.000135,Tether(USDT)TRC20,1280,USDT,Райффайзен(RUB),130190,RUB,https://alfabit.org/ru/exchange,1682,trc erc
2025-01-17 09:10:21.001580,Litecoin(LTC),11,LTC,Зеленыйбанк(RUB),152550,RUB,https://alfabit.org/ru/exchange,1682,trc erc
2025-01-17 09:10:21.002814,Tether(USDT)TRC20,700,USDT,Желтыйбанк(RUB),71490,RUB,https://alfabit.org/ru/exchange,1682,trc erc
2025-01-17 09:10:21.004058,Tether(USDT)TRC20,1347,USDT,Желтыйбанк(RUB),137570,RUB,https://alfabit.org/ru/exchange,1682,trc erc
2025-01-17 09:10:21.005271,Tether(USDT)TRC20,491.03,USDT,Красныйбанк(RUB),50000,RUB,https://alfabit.org/ru/exchange,1682,trc erc
2025-01-17 09:10:21.006787,Желтыйбанк(RUB),69500,RUB,BTC,0.006,BTC,https://alfabit.org/ru/exchange,1682,trc erc
2025-01-17 12:04:00,USDT TON,0,?,VISA/MasterCard,15000,RUB,https://avanchange.com/,1808,trc erc bep ton
2025-01-17 12:04:00,Т-Банк (Тинькофф),0,?,Bitcoin,0.000493,BTC,https://avanchange.com/,1808,trc erc bep ton
2025-01-17 12:00:00,USDT TRC20,0,?,Т-Банк (Тинькофф),31122,RUB,https://avanchange.com/,1808,trc erc bep ton
2025-01-17 11:59:00,USDT TRC20,0,?,TRON,1004,TRX,https://avanchange.com/,1808,trc erc bep ton
2025-01-17 10:08:00,Tinkoff-RUB,100000,RUB,Bitcoin-BTC,0.008112,BTC,https://yaobmen.cash,10913,trc erc bep
2025-01-17 11:39:00,20-SBP,41500,RUB,Bitcoin,0.003864,BTC,https://nadex.io/,19731,trc erc bep
2025-01-17 11:05:00,photo-2024-12-15-15-18-16,25000,RUB,Bitcoin,0.00233,BTC,https://nadex.io/,19731,trc erc bep
2025-01-17 11:09:00,photo-2024-12-15-15-18-16,116500,RUB,Tether,1109.5449,USDT,https://nadex.io/,19731,trc erc bep
2025-01-17 11:49:00,Tether,1200,USDT,Bank-transfer,40956,THB,https://bobr.exchange/,0,trc erc bep
2025-01-17 11:19:00,Monero,7.66,XMR,Litecoin,12.08169448,LTC,https://bobr.exchange/,0,trc erc bep
2025-01-17 12:10:00,Visa-Master-Mir,2209,RUB,20799102-logo-moneygo1,2000.14,RUB,https://barry24.com,11204,trc erc bep
2025-01-17 11:38:00,Sberbank,75000,RUB,Litecoin,5.086097,LTC,https://finex24.io,10943,trc,erc,bep
2025-01-17 09:44:00,Tether,700,USDT,photo-2024-12-15-15-18-16,72312.52,RUB,https://finex24.io,10943,trc,erc,bep
2025-01-17 09:31:00,Fortebank,1500000,KZT,Tinkoff,276553.7712716,RUB,https://buhtaobmena.me,11221,trc bep
2025-01-17 11:39:00,Tinkoff,50000,RUB,Fortebank,249245,KZT,https://buhtaobmena.me,11221,trc bep
2025-01-17 11:50:00,20-SBP,30000,RUB,Tether,277.3307,USDT,https://buhtaobmena.me,11221,trc bep
2025-01-17 09:20:17.656348,BTC,0.011,BTC,Зеленыйбанк(RUB),114580,RUB,https://alfabit.org/ru/exchange,1682,trc erc
2025-01-17 09:20:17.657824,Tether(USDT)TRC20,115,USDT,Желтыйбанк(RUB),11710,RUB,https://alfabit.org/ru/exchange,1682,trc erc
2025-01-17 09:20:17.659120,Желтыйбанк(RUB),62800,RUB,BTC,0.006,BTC,https://alfabit.org/ru/exchange,1682,trc erc
2025-01-17 09:20:17.660426,Litecoin(LTC),1.97,LTC,Желтыйбанк(RUB),27560,RUB,https://alfabit.org/ru/exchange,1682,trc erc
2025-01-17 09:20:17.661772,Tether(USDT)TRC20,117.5,USDT,Желтыйбанк(RUB),12000,RUB,https://alfabit.org/ru/exchange,1682,trc erc
2025-01-17 09:20:17.663085,Tether(USDT)TRC20,352,USDT,Желтыйбанк(RUB),35950,RUB,https://alfabit.org/ru/exchange,1682,trc erc
2025-01-17 09:20:17.664376,Tether(USDT)TRC20,501.42,USDT,СБП(RUB),51000,RUB,https://alfabit.org/ru/exchange,1682,trc erc
2025-01-17 09:20:17.668417,Желтыйбанк(RUB),75000,RUB,BTC,0.007,BTC,https://alfabit.org/ru/exchange,1682,trc erc
2025-01-17 12:15:00,USDT TRC20,0,?,СБП,10441,RUB,https://avanchange.com/,1808,trc erc bep ton
2025-01-17 12:14:00,Т-Банк (Тинькофф),0,?,Ethereum,0.012716,ETH,https://avanchange.com/,1808,trc erc bep ton
2025-01-17 12:08:00,USDT TRC20,0,?,Т-Банк (Тинькофф),40157,RUB,https://avanchange.com/,1808,trc erc bep ton
2025-01-17 11:31:00,Bitcoin,0.003637,BTC,Tinkoff,38065.07,RUB,https://niceobmen.com,10334,trc erc bep
2025-01-17 11:49:00,TRON-Icon-icon,400,USDT,Sberbank-RUB-,40852,RUB,https://yaobmen.cash,10913,trc erc bep
2025-01-17 11:49:00,photo-2024-12-15-15-18-16,113819.972,RUB,Tether,1085.0021,USDT,https://nadex.io/,19731,trc erc bep
2025-01-17 11:45:00,photo-2024-12-15-15-18-16,63991.745,RUB,Tether,610.0029,USDT,https://nadex.io/,19731,trc erc bep
2025-01-17 09:37:00,Tether,960,USDT,photo-2024-12-15-15-18-16,99909.408,RUB,https://nadex.io/,19731,trc erc bep
2025-01-17 11:55:00,Bitcoin,0.002,BTC,Sistema-byistryih-platezhey,18830,RUB,https://barry24.com,11204,trc erc bep
2025-01-17 11:49:00,Tether,5028.9268,USDT,Alipay,35900.5026,CNY,https://finex24.io,10943,trc,erc,bep
2025-01-17 10:45:00,Tether,868.1812,USDT,photo-2024-12-15-15-18-16,90042.2845,RUB,https://finex24.io,10943,trc,erc,bep
2025-01-17 10:44:00,Tether,800,USDT,Sberbank,82918,RUB,https://finex24.io,10943,trc,erc,bep
2025-01-17 11:42:00,Tinkoff,120000,RUB,53-Jusan-Bank,584340,KZT,https://buhtaobmena.me,11221,trc bep
2025-01-17 12:12:00,Tether,230,USDT,Tinkoff,23263.41992,RUB,https://buhtaobmena.me,11221,trc bep
2025-01-17 11:54:00,Tether,197.3398,USDT,Bank-transfer,19992.301745,RUB,https://buhtaobmena.me,11221,trc bep
2025-01-17 09:30:19.229381,Tether(USDT)BEP20,49.13,USDT,Желтыйбанк(RUB),5000,RUB,https://alfabit.org/ru/exchange,1682,trc erc
2025-01-17 09:30:19.231634,Tether(USDT)TRC20,70,USDT,Желтыйбанк(RUB),7120,RUB,https://alfabit.org/ru/exchange,1682,trc erc
2025-01-17 09:30:19.233022,Tether(USDT)TRC20,91.72,USDT,Желтыйбанк(RUB),9340,RUB,https://alfabit.org/ru/exchange,1682,trc erc
2025-01-17 09:30:19.234713,Tether(USDT)BEP20,1460.21,USDT,СБП(RUB),148460,RUB,https://alfabit.org/ru/exchange,1682,trc erc
2025-01-17 12:25:00,VISA/MasterCard,0,?,USDT TON,25,USDT,https://avanchange.com/,1808,trc erc bep ton
2025-01-17 12:25:00,USDT TON,0,?,СБП,10040,RUB,https://avanchange.com/,1808,trc erc bep ton
2025-01-17 12:22:00,VISA/MasterCard,0,?,USDT TON,16,USDT,https://avanchange.com/,1808,trc erc bep ton
2025-01-17 12:25:00,Dogecoin,0,?,Сбербанк,19246,RUB,https://avanchange.com/,1808,trc erc bep ton
2025-01-17 12:18:00,USDT TRC20,0,?,СБП,20000,RUB,https://avanchange.com/,1808,trc erc bep ton
2025-01-17 12:00:00,TRON-Icon-icon,350,USDT,Tinkoff-RUB,35759.5,RUB,https://yaobmen.cash,10913,trc erc bep
2025-01-17 12:02:00,Alfabank,41630.7833,RUB,Bitcoin,0.0039,BTC,https://nadex.io/,19731,trc erc bep
2025-01-17 12:09:00,photo-2024-12-15-15-18-16,100000,RUB,Tether,953.4325,USDT,https://nadex.io/,19731,trc erc bep
2025-01-17 12:01:00,photo-2024-12-15-15-18-16,47205.36,RUB,Tether,450,USDT,https://nadex.io/,19731,trc erc bep
2025-01-17 12:14:00,photo-2024-12-15-15-18-16,83000,RUB,Tether,791.3557,USDT,https://finex24.io,10943,trc,erc,bep
2025-01-17 12:12:00,Sberbank,50000,RUB,Tether,476.0839,USDT,https://finex24.io,10943,trc,erc,bep
2025-01-17 12:11:00,photo-2024-12-15-15-18-16,200000,RUB,Tether,1906.8704,USDT,https://finex24.io,10943,trc,erc,bep
2025-01-17 11:50:00,Bitcoin,0.003,BTC,Tinkoff,31151.9966467,RUB,https://buhtaobmena.me,11221,trc bep
2025-01-17 11:27:00,Monero,2.43,XMR,Tinkoff,53630.09067,RUB,https://buhtaobmena.me,11221,trc bep
2025-01-17 12:23:00,Tether,400,USDT,Alfabank,40601.6,RUB,https://buhtaobmena.me,11221,trc bep
2025-01-17 12:11:00,logo-sbermarket-square-be8e750b,5000,RUB,726-7265090-trx-tron-hd-png-download-PhotoRoom-1,177.06931877,TRX,https://cripthub.ru/,1789,trc erc bep
2025-01-17 09:40:18.501793,Litecoin(LTC),1.33,LTC,Желтыйбанк(RUB),18400,RUB,https://alfabit.org/ru/exchange,1682,trc erc
2025-01-17 09:40:18.504321,BTC,0.005,BTC,Промсвязьбанк(RUB),47430,RUB,https://alfabit.org/ru/exchange,1682,trc erc
2025-01-17 09:40:18.506033,Ripple(XRP),16,XRP,Желтыйбанк(RUB),5290,RUB,https://alfabit.org/ru/exchange,1682,trc erc
2025-01-17 09:40:18.507584,Tether(USDT)TRC20,359,USDT,Желтыйбанк(RUB),36680,RUB,https://alfabit.org/ru/exchange,1682,trc erc
2025-01-17 09:40:18.509123,Красныйбанк(RUB),50100,RUB,BTC,0.004,BTC,https://alfabit.org/ru/exchange,1682,trc erc
2025-01-17 09:40:18.511129,Tether(USDT)TRC20,360,USDT,Желтыйбанк(RUB),36790,RUB,https://alfabit.org/ru/exchange,1682,trc erc
2025-01-17 09:40:18.512928,Tron(TRX),500,TRX,Желтыйбанк(RUB),12550,RUB,https://alfabit.org/ru/exchange,1682,trc erc
2025-01-17 09:40:18.514532,Ripple(XRP),20,XRP,Желтыйбанк(RUB),6630,RUB,https://alfabit.org/ru/exchange,1682,trc erc
2025-01-17 09:40:18.519963,Tether(USDT)BEP20,300,USDT,Желтыйбанк(RUB),30590,RUB,https://alfabit.org/ru/exchange,1682,trc erc
2025-01-17 09:40:18.522852,Solana(SOL),2.244,SOL,Желтыйбанк(RUB),50000,RUB,https://alfabit.org/ru/exchange,1682,trc erc
2025-01-17 12:33:00,USDT TON,0,?,СБП,15059,RUB,https://avanchange.com/,1808,trc erc bep ton
2025-01-17 12:31:00,USDT TRC20,0,?,Альфа-банк,10039,RUB,https://avanchange.com/,1808,trc erc bep ton
2025-01-17 12:27:00,VISA/MasterCard,0,?,USDT TON,25,USDT,https://avanchange.com/,1808,trc erc bep ton
2025-01-17 12:06:00,Litecoin-Logo-scaled,2.149,LTC,89be191b4152ac284879e19a53c55e44,30053.34,RUB,https://niceobmen.com,10334,trc erc bep
2025-01-17 12:11:00,Tether,304.2462,USDT,89be191b4152ac284879e19a53c55e44,31170.02,RUB,https://niceobmen.com,10334,trc erc bep
2025-01-17 12:11:00,TRON-Icon-icon,361,USDT,Sberbank-RUB-,36872.54,RUB,https://yaobmen.cash,10913,trc erc bep
2025-01-17 09:32:00,Tether,3000,USDT,Sberbank,312211.5,RUB,https://nadex.io/,19731,trc erc bep
2025-01-17 12:26:00,26-TRON,2559.69,TRX,14-Belarusbank,1993.9832,BYN,https://bobr.exchange/,0,trc erc bep
2025-01-17 12:26:00,Tether,3397.2036,USDT,Bitcoin-cash,7.01745562,BCH,https://bobr.exchange/,0,trc erc bep
2025-01-17 12:27:00,Bitcoin,0.003,BTC,Sistema-byistryih-platezhey,28284,RUB,https://barry24.com,11204,trc erc bep
2025-01-17 10:56:00,Tether,1972,USDT,Sberbank,200050.40768,RUB,https://buhtaobmena.me,11221,trc bep
2025-01-17 12:03:00,Kaspi-bank,280000,KZT,Sberbank,52164.8408972,RUB,https://buhtaobmena.me,11221,trc bep
2025-01-17 12:05:00,logo-sbermarket-square-be8e750b,8600,RUB,monero-xmr-logo,0.34350251,XMR,https://cripthub.ru/,1789,trc erc bep
2025-01-17 12:31:00,2031468,19600,RUB,bitcoin-btc-logo,0.00168069,BTC,https://cripthub.ru/,1789,trc erc bep
2025-01-17 12:21:00,df0995df78466626688b06e0e0bca7b5,11000,RUB,bitcoin-btc-logo,0.00094558,BTC,https://cripthub.ru/,1789,trc erc bep
2025-01-17 12:25:00,2031468,30000,RUB,bitcoin-btc-logo,0.00257768,BTC,https://cripthub.ru/,1789,trc erc bep
2025-01-17 12:16:00,logo-sbermarket-square-be8e750b,5000,RUB,bitcoin-btc-logo,0.00042106,BTC,https://cripthub.ru/,1789,trc erc bep
2025-01-17 09:50:17.436542,Tether(USDT)TRC20,76,USDT,Желтыйбанк(RUB),7760,RUB,https://alfabit.org/ru/exchange,1682,trc erc
2025-01-17 09:50:17.438204,Tether(USDT)BEP20,150,USDT,Желтыйбанк(RUB),15320,RUB,https://alfabit.org/ru/exchange,1682,trc erc
2025-01-17 09:50:17.439685,Tether(USDT)TRC20,100,USDT,Желтыйбанк(RUB),10210,RUB,https://alfabit.org/ru/exchange,1682,trc erc
2025-01-17 09:50:17.441168,Tether(USDT)TRC20,500,USDT,Красныйбанк(RUB),50950,RUB,https://alfabit.org/ru/exchange,1682,trc erc
2025-01-17 09:50:17.442952,Tether(USDT)TON,539.22,USDT,Желтыйбанк(RUB),55000,RUB,https://alfabit.org/ru/exchange,1682,trc erc
2025-01-17 09:50:17.445924,Tether(USDT)TRC20,342.48,USDT,Желтыйбанк(RUB),35000,RUB,https://alfabit.org/ru/exchange,1682,trc erc
2025-01-17 09:50:17.447422,BTC,0.004,BTC,Желтыйбанк(RUB),41930,RUB,https://alfabit.org/ru/exchange,1682,trc erc
2025-01-17 09:50:17.448940,Tether(USDT)TRC20,357.94,USDT,Желтыйбанк(RUB),36580,RUB,https://alfabit.org/ru/exchange,1682,trc erc
2025-01-17 09:50:17.450481,Litecoin(LTC),0.649,LTC,Желтыйбанк(RUB),9000,RUB,https://alfabit.org/ru/exchange,1682,trc erc
2025-01-17 12:40:00,Сбербанк,0,?,Bitcoin,0.000748,BTC,https://avanchange.com/,1808,trc erc bep ton
2025-01-17 12:39:00,Сбербанк,0,?,Bitcoin,0.000634,BTC,https://avanchange.com/,1808,trc erc bep ton
2025-01-17 11:23:00,Bitcoin,0.002875,BTC,Sberbank,30025.87,RUB,https://niceobmen.com,10334,trc erc bep
2025-01-17 12:29:00,TRON-Icon-icon,300,USDT,Sberbank-RUB-,30636,RUB,https://yaobmen.cash,10913,trc erc bep
2025-01-17 09:53:00,Tether,900,USDT,Sberbank,93667.59,RUB,https://nadex.io/,19731,trc erc bep
2025-01-17 09:50:00,Tether,1050,USDT,Sberbank,109321.38,RUB,https://nadex.io/,19731,trc erc bep
2025-01-17 09:57:00,Tether,112.1533,USDT,Alfabank,11000,RUB,https://bobr.exchange/,0,trc erc bep
2025-01-17 12:40:00,photo-2024-12-15-15-18-16,88000,RUB,Tether,839.3623,USDT,https://finex24.io,10943,trc,erc,bep
2025-01-17 10:48:00,Tether,700,USDT,Sberbank,72516.5,RUB,https://finex24.io,10943,trc,erc,bep
2025-01-17 09:35:00,Tether,500,USDT,51e6f562-46d7-4e67-9da0-8fa8f9146c15,50500,RUB,https://btchange.ru,11173,trc erc
2025-01-17 11:35:00,Monero,3.15709276,XMR,51e6f562-46d7-4e67-9da0-8fa8f9146c15,70174.5319,RUB,https://btchange.ru,11173,trc erc
2025-01-17 11:55:00,Tether,171,USDT,Bank-transfer,17320.50963,RUB,https://buhtaobmena.me,11221,trc bep
2025-01-17 12:24:00,Tether,250,USDT,Sberbank,25373.56,RUB,https://buhtaobmena.me,11221,trc bep
2025-01-17 11:56:00,Sberbank,70000,RUB,Kaspi-bank,348439,KZT,https://buhtaobmena.me,11221,trc bep
2025-01-17 10:00:20.110293,Tether(USDT)BEP20,132.01,USDT,Желтыйбанк(RUB),13490,RUB,https://alfabit.org/ru/exchange,1682,trc erc
2025-01-17 10:00:20.114467,Dogecoin(DOGE),178,DOGE,Желтыйбанк(RUB),7460,RUB,https://alfabit.org/ru/exchange,1682,trc erc
2025-01-17 10:00:20.116106,Банковскаякарта(RUB),10000,RUB,Toncoin(TON),16.312,TON,https://alfabit.org/ru/exchange,1682,trc erc
2025-01-17 10:00:20.117728,Dogecoin(DOGE),454,DOGE,Желтыйбанк(RUB),19020,RUB,https://alfabit.org/ru/exchange,1682,trc erc
2025-01-17 10:00:20.119411,Tether(USDT)TRC20,1290,USDT,Желтыйбанк(cashin),132000,cashin,https://alfabit.org/ru/exchange,1682,trc erc
2025-01-17 10:00:20.121039,BTC,0.005,BTC,Зеленыйбанк(RUB),53460,RUB,https://alfabit.org/ru/exchange,1682,trc erc
2025-01-17 10:00:20.122708,Tether(USDT)BEP20,150,USDT,Желтыйбанк(RUB),15330,RUB,https://alfabit.org/ru/exchange,1682,trc erc
2025-01-17 12:54:00,Т-Банк (Тинькофф),0,?,Bitcoin,0.000642,BTC,https://avanchange.com/,1808,trc erc bep ton
2025-01-17 12:53:00,USDT TRC20,0,?,Bitcoin,0.040641,BTC,https://avanchange.com/,1808,trc erc bep ton
2025-01-17 12:50:00,Ethereum,0,?,Т-Банк (Тинькофф),60076,RUB,https://avanchange.com/,1808,trc erc bep ton
2025-01-17 12:52:00,NEAR Protocol,0,?,Т-Банк (Тинькофф),33276,RUB,https://avanchange.com/,1808,trc erc bep ton
2025-01-17 12:55:00,Сбербанк,0,?,Bitcoin,0.000748,BTC,https://avanchange.com/,1808,trc erc bep ton
2025-01-17 12:34:00,Ether,0.086,ETH,Sberbank,30023.24,RUB,https://niceobmen.com,10334,trc erc bep
2025-01-17 11:56:00,TRON-Icon-icon,10075,USDT,Cash,10014.55,USD,https://yaobmen.cash,10913,trc erc bep
2025-01-17 12:22:00,photo-2024-12-15-15-18-16,392000,RUB,Tether,3738.5745,USDT,https://nadex.io/,19731,trc erc bep
2025-01-17 12:19:00,Sberbank,47261,RUB,Tether,450.0096,USDT,https://nadex.io/,19731,trc erc bep
2025-01-17 12:25:00,Tether,271,USDT,Alipay,1934.5606,CNY,https://nadex.io/,19731,trc erc bep
2025-01-07 14:11:00,Tinkoff,57200,RUB,unnamed-1,454.6459,USD,https://bobr.exchange/,0,trc erc bep
2025-01-17 12:56:00,Sberbank,1755,RUB,20799102-logo-moneygo1,1589.06,RUB,https://barry24.com,11204,trc erc bep
2025-01-17 12:43:00,Tether,280.1866,USDT,Alipay,2000,CNY,https://finex24.io,10943,trc,erc,bep
2025-01-17 12:45:00,Sberbank,50000,RUB,Tether,476.0975,USDT,https://finex24.io,10943,trc,erc,bep
2025-01-17 12:46:00,Kaspi-bank,188186,KZT,20-SBP,35260.6333146,RUB,https://buhtaobmena.me,11221,trc bep
2025-01-17 12:49:00,Tinkoff,16000,RUB,Vakifbank-Logo-2008-2048x1152-1,5222.99,TRY,https://buhtaobmena.me,11221,trc bep
2025-01-17 12:17:00,Tether,150,USDT,20-SBP,15136.860375,RUB,https://buhtaobmena.me,11221,trc bep
2025-01-17 12:43:00,logo-sbermarket-square-be8e750b,6600,RUB,litecoin-ltc-logo,0.42567983,LTC,https://cripthub.ru/,1789,trc erc bep
2025-01-17 12:39:00,free-png.ru-126,5000,RUB,726-7265090-trx-tron-hd-png-download-PhotoRoom-1,179.19497562,TRX,https://cripthub.ru/,1789,trc erc bep
2025-01-17 10:10:18.103293,Tron(TRX),351,TRX,Желтыйбанк(RUB),8810,RUB,https://alfabit.org/ru/exchange,1682,trc erc
2025-01-17 10:10:18.105581,BTC,0.004,BTC,Банковскаякарта(RUB),41970,RUB,https://alfabit.org/ru/exchange,1682,trc erc
2025-01-17 10:10:18.107779,Tether(USDT)TRC20,469.68,USDT,Желтыйбанк(RUB),48000,RUB,https://alfabit.org/ru/exchange,1682,trc erc
2025-01-17 10:10:18.110277,Litecoin(LTC),4.5,LTC,Желтыйбанк(RUB),62190,RUB,https://alfabit.org/ru/exchange,1682,trc erc
2025-01-17 10:10:18.112612,BTC,0.004,BTC,Желтыйбанк(RUB),41870,RUB,https://alfabit.org/ru/exchange,1682,trc erc
2025-01-17 10:10:18.114397,Tether(USDT)ARBITRUM,440.93,USDT,Желтыйбанк(RUB),45000,RUB,https://alfabit.org/ru/exchange,1682,trc erc
2025-01-17 10:10:18.117984,Tether(USDT)TRC20,1280,USDT,Райффайзен(RUB),130770,RUB,https://alfabit.org/ru/exchange,1682,trc erc
2025-01-17 10:10:18.121577,Dogecoin(DOGE),178,DOGE,Желтыйбанк(RUB),7450,RUB,https://alfabit.org/ru/exchange,1682,trc erc
2025-01-17 13:02:00,USDT TON,0,?,Т-Банк (Тинькофф),49000,RUB,https://avanchange.com/,1808,trc erc bep ton
2025-01-17 12:22:00,Litecoin-Logo-scaled,4.6,LTC,89be191b4152ac284879e19a53c55e44,64039.68,RUB,https://niceobmen.com,10334,trc erc bep
2025-01-17 12:44:00,TRON-Icon-icon,300,USDT,Sberbank-RUB-,30657,RUB,https://yaobmen.cash,10913,trc erc bep
2025-01-17 12:31:00,photo-2024-12-15-15-18-16,80000,RUB,Tether,762.6551,USDT,https://nadex.io/,19731,trc erc bep
2025-01-17 12:55:00,Tether,1000,USDT,Visa-Master,394288.3,AMD,https://bobr.exchange/,0,trc erc bep
2025-01-17 12:50:00,Bitcoin,0.004,BTC,Sistema-byistryih-platezhey,38020,RUB,https://barry24.com,11204,trc erc bep
2025-01-17 13:05:00,VTB-6,2000,RUB,20799102-logo-moneygo1,1810.9,RUB,https://barry24.com,11204,trc erc bep
2025-01-17 11:22:00,Bitcoin,0.0088,BTC,photo-2024-12-15-15-18-16,93124.7375,RUB,https://finex24.io,10943,trc,erc,bep
2025-01-17 11:11:00,Tether,821.8707,USDT,photo-2024-12-15-15-18-16,85000.0047,RUB,https://finex24.io,10943,trc,erc,bep
2025-01-17 12:47:00,photo-2024-12-15-15-18-16,100000,RUB,Tether,953.8335,USDT,https://finex24.io,10943,trc,erc,bep
2025-01-17 12:52:00,Tether,700,USDT,Sberbank,71353.408,RUB,https://buhtaobmena.me,11221,trc bep
2025-01-17 12:38:00,23-USDC,305.02,USDC,Sberbank,31048.7500581,RUB,https://buhtaobmena.me,11221,trc bep
2025-01-17 12:52:00,1mir,10500,RUB,bitcoin-btc-logo,0.00089727,BTC,https://cripthub.ru/,1789,trc erc bep
2025-01-17 12:42:00,logo-sbermarket-square-be8e750b,14300,RUB,bitcoin-btc-logo,0.00123515,BTC,https://cripthub.ru/,1789,trc erc bep
2025-01-17 12:22:00,pngegg,7600,RUB,bitcoin-btc-logo,0.00063955,BTC,https://cripthub.ru/,1789,trc erc bep
2025-01-17 12:33:00,logo-sbermarket-square-be8e750b,19200,RUB,bitcoin-btc-logo,0.00166089,BTC,https://cripthub.ru/,1789,trc erc bep
2025-01-17 10:20:17.433776,Tether(USDT)TRC20,1732,USDT,Красныйбанк(RUB),176500,RUB,https://alfabit.org/ru/exchange,1682,trc erc
2025-01-17 10:20:17.436266,Solana(SOL),2.441,SOL,Зеленыйбанк(RUB),55000,RUB,https://alfabit.org/ru/exchange,1682,trc erc
2025-01-17 10:20:17.438218,BTC,0.004,BTC,Желтыйбанк(RUB),40850,RUB,https://alfabit.org/ru/exchange,1682,trc erc
2025-01-17 10:20:17.440196,Tether(USDT)TRC20,1000,USDT,Красныйбанк(cashin),101800,cashin,https://alfabit.org/ru/exchange,1682,trc erc
2025-01-17 10:20:17.441946,Tron(TRX),1400,TRX,Желтыйбанк(RUB),35180,RUB,https://alfabit.org/ru/exchange,1682,trc erc
2025-01-17 10:20:17.443867,Tether(USDT)TRC20,1000,USDT,Желтыйбанк(RUB),102160,RUB,https://alfabit.org/ru/exchange,1682,trc erc
2025-01-17 10:20:17.445786,Tether(USDT)BEP20,56,USDT,Желтыйбанк(RUB),5700,RUB,https://alfabit.org/ru/exchange,1682,trc erc
2025-01-17 10:20:17.447630,Litecoin(LTC),2.939,LTC,СБП(RUB),40500,RUB,https://alfabit.org/ru/exchange,1682,trc erc
2025-01-17 10:20:17.449400,Tether(USDT)BEP20,408,USDT,Желтыйбанк(RUB),41590,RUB,https://alfabit.org/ru/exchange,1682,trc erc
2025-01-17 10:20:17.451238,Tether(USDT)TRC20,1926,USDT,Красныйбанк(RUB),196160,RUB,https://alfabit.org/ru/exchange,1682,trc erc
2025-01-17 13:15:00,USDT TON,0,?,VISA/MasterCard,30118,RUB,https://avanchange.com/,1808,trc erc bep ton
2025-01-17 13:17:00,Litecoin,0,?,Т-Банк (Тинькофф),13590,RUB,https://avanchange.com/,1808,trc erc bep ton
2025-01-17 12:52:00,Litecoin-Logo-scaled,4.234,LTC,Sberbank,58578.62,RUB,https://niceobmen.com,10334,trc erc bep
2025-01-17 12:56:00,Sberbank,61117.9152,RUB,Tether,582.0022,USDT,https://nadex.io/,19731,trc erc bep
2025-01-17 12:41:00,photo-2024-12-15-15-18-16,50000,RUB,Tether,476.9117,USDT,https://nadex.io/,19731,trc erc bep
2025-01-17 12:40:00,photo-2024-12-15-15-18-16,148018.548,RUB,Tether,1412.0054,USDT,https://nadex.io/,19731,trc erc bep
2025-01-17 11:29:00,Bitcoin,0.008,BTC,Monero,3.3568,XMR,https://barry24.com,11204,trc erc bep
2025-01-17 13:08:00,photo-2024-12-15-15-18-16,200000,RUB,Tether,1907.738,USDT,https://finex24.io,10943,trc,erc,bep
2025-01-17 13:05:00,photo-2024-12-15-15-18-16,390000,RUB,Tether,3720.082,USDT,https://finex24.io,10943,trc,erc,bep
2025-01-17 13:04:00,photo-2024-12-15-15-18-16,100000,RUB,Tether,953.8653,USDT,https://finex24.io,10943,trc,erc,bep
2025-01-17 13:00:00,Bitcoin,0.005,BTC,51e6f562-46d7-4e67-9da0-8fa8f9146c15,52073.7165,RUB,https://btchange.ru,11173,trc erc
2025-01-17 13:03:00,20-SBP,15000,RUB,Kaspi-bank,76201.5,KZT,https://buhtaobmena.me,11221,trc bep
2025-01-17 12:58:00,Sberbank,44000,RUB,Kaspi-bank,221007.138,KZT,https://buhtaobmena.me,11221,trc bep
2025-01-17 13:05:00,logo-sbermarket-square-be8e750b,6600,RUB,litecoin-ltc-logo,0.42511423,LTC,https://cripthub.ru/,1789,trc erc bep
2025-01-17 13:00:00,logo-sbermarket-square-be8e750b,5000,RUB,726-7265090-trx-tron-hd-png-download-PhotoRoom-1,177.52761067,TRX,https://cripthub.ru/,1789,trc erc bep
2025-01-17 10:30:20.467391,Tron(TRX),218.836,TRX,Желтыйбанк(RUB),5500,RUB,https://alfabit.org/ru/exchange,1682,trc erc
2025-01-17 10:30:20.469929,Tether(USDT)TRC20,973,USDT,Красныйбанк(RUB),99320,RUB,https://alfabit.org/ru/exchange,1682,trc erc
2025-01-17 10:30:20.471983,Solana(SOL),3,SOL,Желтыйбанк(RUB),67500,RUB,https://alfabit.org/ru/exchange,1682,trc erc
2025-01-17 10:30:20.474653,Tether(USDT)BEP20,53,USDT,Желтыйбанк(RUB),5400,RUB,https://alfabit.org/ru/exchange,1682,trc erc
2025-01-17 10:30:20.476990,Ripple(XRP),80,XRP,Желтыйбанк(RUB),26570,RUB,https://alfabit.org/ru/exchange,1682,trc erc
2025-01-17 10:30:20.478877,BTC,0.004,BTC,Красныйбанк(RUB),46800,RUB,https://alfabit.org/ru/exchange,1682,trc erc
2025-01-17 10:30:20.480894,Tether(USDT)TRC20,399.91,USDT,Желтыйбанк(RUB),40870,RUB,https://alfabit.org/ru/exchange,1682,trc erc
2025-01-17 10:30:20.482872,BTC,0.005,BTC,Зеленыйбанк(RUB),55000,RUB,https://alfabit.org/ru/exchange,1682,trc erc
2025-01-17 10:30:20.485722,Litecoin(LTC),3.7,LTC,Газпромбанк(RUB),50580,RUB,https://alfabit.org/ru/exchange,1682,trc erc
2025-01-17 13:22:00,USDT BEP20,0,?,VISA/MasterCard,10039,RUB,https://avanchange.com/,1808,trc erc bep ton
2025-01-17 13:21:00,Т-Банк (Тинькофф),0,?,Bitcoin,0.000704,BTC,https://avanchange.com/,1808,trc erc bep ton
2025-01-17 13:26:00,USDT TRC20,0,?,Сбербанк,20078,RUB,https://avanchange.com/,1808,trc erc bep ton
2025-01-17 13:20:00,Т-Банк (Тинькофф),0,?,Bitcoin,0.00044,BTC,https://avanchange.com/,1808,trc erc bep ton
2025-01-17 13:19:00,VISA/MasterCard,0,?,Hamster Kombat,4960,HMSTR,https://avanchange.com/,1808,trc erc bep ton
2025-01-17 12:39:00,Tether,300,USDT,Sberbank,30645,RUB,https://niceobmen.com,10334,trc erc bep
2025-01-17 12:42:00,TRON-Icon-icon,841,USDT,Snimok-ekrana-2022-02-24-v-20.30.26,800.1274,EUR,https://yaobmen.cash,10913,trc erc bep
2025-01-17 13:06:00,TRON-Icon-icon,700,USDT,Tinkoff-RUB,71134,RUB,https://yaobmen.cash,10913,trc erc bep
2025-01-17 13:05:00,TRON-Icon-icon,440,USDT,Sberbank-RUB-,44712.8,RUB,https://yaobmen.cash,10913,trc erc bep
2025-01-17 10:19:00,Ether,0.143,ETH,photo-2024-12-15-15-18-16,50561.7479,RUB,https://nadex.io/,19731,trc erc bep
2025-01-17 13:05:00,Sberbank,80000,RUB,Tether,761.8206,USDT,https://nadex.io/,19731,trc erc bep
2025-01-17 13:30:00,Payeer,6.716196,USD,20799102-logo-moneygo1,6.08,USD,https://barry24.com,11204,trc erc bep
2025-01-17 10:52:00,Tether,867.9116,USDT,photo-2024-12-15-15-18-16,90000.0028,RUB,https://finex24.io,10943,trc,erc,bep
2025-01-17 10:56:00,Tether,869.6913,USDT,photo-2024-12-15-15-18-16,90000.0042,RUB,https://finex24.io,10943,trc,erc,bep
2025-01-17 13:22:00,Kaspi-bank,310000,KZT,Tinkoff,57764.6927291,RUB,https://buhtaobmena.me,11221,trc bep
2025-01-17 13:08:00,Tether,269.9551,USDT,Tinkoff,27446.6401203,RUB,https://buhtaobmena.me,11221,trc bep
2025-01-17 10:40:21.506497,Tether(USDT)TRC20,489.17,USDT,Зеленыйбанк(RUB),50000,RUB,https://alfabit.org/ru/exchange,1682,trc erc
2025-01-17 10:40:21.508737,Dogecoin(DOGE),500,DOGE,Желтыйбанк(RUB),20750,RUB,https://alfabit.org/ru/exchange,1682,trc erc
2025-01-17 10:40:21.511041,Tether(USDT)TRC20,150,USDT,Желтыйбанк(RUB),15340,RUB,https://alfabit.org/ru/exchange,1682,trc erc
2025-01-17 10:40:21.513068,Tether(USDT)TRC20,1104,USDT,Красныйбанк(RUB),112670,RUB,https://alfabit.org/ru/exchange,1682,trc erc
2025-01-17 10:40:21.515142,BTC,0.005,BTC,Зеленыйбанк(RUB),53000,RUB,https://alfabit.org/ru/exchange,1682,trc erc
2025-01-17 10:40:21.517581,Tether(USDT)BEP20,97.88,USDT,Желтыйбанк(RUB),10000,RUB,https://alfabit.org/ru/exchange,1682,trc erc
2025-01-17 10:40:21.520050,Tether(USDT)TON,500,USDT,Желтыйбанк(RUB),50990,RUB,https://alfabit.org/ru/exchange,1682,trc erc
2025-01-17 10:40:21.522097,BTC,0.006,BTC,Желтыйбанк(RUB),62820,RUB,https://alfabit.org/ru/exchange,1682,trc erc
2025-01-17 10:40:21.524341,Tether(USDT)TRC20,239.8,USDT,Желтыйбанк(RUB),24500,RUB,https://alfabit.org/ru/exchange,1682,trc erc
2025-01-17 13:36:00,Ethereum,0,?,Bitcoin,0.739902,BTC,https://avanchange.com/,1808,trc erc bep ton
2025-01-17 13:32:00,Ethereum,0,?,Т-Банк (Тинькофф),10986,RUB,https://avanchange.com/,1808,trc erc bep ton
2025-01-17 13:32:00,USDT TRC20,0,?,VISA/MasterCard,10039,RUB,https://avanchange.com/,1808,trc erc bep ton
2025-01-17 13:34:00,Т-Банк (Тинькофф),0,?,Bitcoin,0.00051,BTC,https://avanchange.com/,1808,trc erc bep ton
2025-01-17 13:36:00,Т-Банк (Тинькофф),0,?,Bitcoin,0.000792,BTC,https://avanchange.com/,1808,trc erc bep ton
2025-01-17 13:12:00,TRON-Icon-icon,900,USDT,Sberbank-RUB-,91629,RUB,https://yaobmen.cash,10913,trc erc bep
2025-01-17 12:48:00,TRON-Icon-icon,293.58,USDT,Tinkoff-RUB,30000.94,RUB,https://yaobmen.cash,10913,trc erc bep
2025-01-17 13:11:00,20-SBP,44500,RUB,Tether,423.5675,USDT,https://nadex.io/,19731,trc erc bep
2025-01-17 09:47:00,Tether,5000,USDT,Sberbank,520335,RUB,https://nadex.io/,19731,trc erc bep
2025-01-17 09:38:00,Ether,0.246715,ETH,photo-2024-12-15-15-18-16,87322.5325,RUB,https://nadex.io/,19731,trc erc bep
2025-01-17 13:06:00,Tether,3290,USDT,Alipay,23643.914,CNY,https://bobr.exchange/,0,trc erc bep
2025-01-17 13:13:00,Bitcoin,0.00915,BTC,Sberbank,92520.81,RUB,https://green-obmenka.ru,11020,trc
2025-01-17 10:50:00,Tether,848,USDT,photo-2024-12-15-15-18-16,87952.1856,RUB,https://finex24.io,10943,trc,erc,bep
2025-01-17 13:00:00,photo-2024-12-15-15-18-16,25000,RUB,Bitcoin,0.002315,BTC,https://finex24.io,10943,trc,erc,bep
2025-01-17 13:01:00,20-SBP,33000,RUB,Bitcoin,0.00303476,BTC,https://finex24.io,10943,trc,erc,bep
2025-01-17 13:17:00,Tether,1464,USDT,Bank-transfer,149030.5152,RUB,https://buhtaobmena.me,11221,trc bep
2025-01-17 13:38:00,26-TRON,1200,TRX,Tinkoff,29867.99976,RUB,https://buhtaobmena.me,11221,trc bep
2025-01-17 13:32:00,Tether,1130,USDT,Bank-transfer,115008.3264,RUB,https://buhtaobmena.me,11221,trc bep
2025-01-17 13:11:00,2031468,5000,RUB,bitcoin-btc-logo,0.00041444,BTC,https://cripthub.ru/,1789,trc erc bep
2025-01-17 13:24:00,pngegg,12000,RUB,bitcoin-btc-logo,0.00103617,BTC,https://cripthub.ru/,1789,trc erc bep
2025-01-17 13:22:00,logo-sbermarket-square-be8e750b,5500,RUB,bitcoin-btc-logo,0.00046067,BTC,https://cripthub.ru/,1789,trc erc bep
2025-01-17 13:09:00,2031468,7500,RUB,bitcoin-btc-logo,0.00062102,BTC,https://cripthub.ru/,1789,trc erc bep
2025-01-17 12:55:00,free-png.ru-126,11000,RUB,bitcoin-btc-logo,0.00094737,BTC,https://cripthub.ru/,1789,trc erc bep
2025-01-17 10:50:17.853153,Tether(USDT)TRC20,1035,USDT,Красныйбанк(RUB),105870,RUB,https://alfabit.org/ru/exchange,1682,trc erc
2025-01-17 10:50:17.856047,Tron(TRX),400,TRX,Желтыйбанк(RUB),10040,RUB,https://alfabit.org/ru/exchange,1682,trc erc
2025-01-17 10:50:17.859710,Tron(TRX),200,TRX,Желтыйбанк(RUB),5010,RUB,https://alfabit.org/ru/exchange,1682,trc erc
2025-01-17 10:50:17.864758,Tether(USDT)TRC20,1759,USDT,Красныйбанк(RUB),179930,RUB,https://alfabit.org/ru/exchange,1682,trc erc
2025-01-17 10:50:17.867567,Solana(SOL),0.3,SOL,Желтыйбанк(RUB),6750,RUB,https://alfabit.org/ru/exchange,1682,trc erc
2025-01-17 13:44:00,Сбербанк,0,?,Bitcoin,0.00044,BTC,https://avanchange.com/,1808,trc erc bep ton
2025-01-17 13:43:00,Альфа-банк,0,?,Bitcoin,0.001058,BTC,https://avanchange.com/,1808,trc erc bep ton
2025-01-17 13:40:00,USDT BEP20,0,?,Альфа-банк,11043,RUB,https://avanchange.com/,1808,trc erc bep ton
2025-01-17 13:38:00,Binance Coin (BEP20),0,?,Т-Банк (Тинькофф),16524,RUB,https://avanchange.com/,1808,trc erc bep ton
2025-01-17 13:37:00,Ethereum,0,?,Bitcoin,0.7396,BTC,https://avanchange.com/,1808,trc erc bep ton
2025-01-17 13:16:00,Bitcoin,0.0046,BTC,Tinkoff,48272.52,RUB,https://niceobmen.com,10334,trc erc bep
2025-01-17 09:30:00,Tether,1000,USDT,Sberbank,104065.6,RUB,https://nadex.io/,19731,trc erc bep
2025-01-17 09:29:00,Tether,809,USDT,Sberbank,84188.9895,RUB,https://nadex.io/,19731,trc erc bep
2025-01-17 12:37:00,photo-2024-12-15-15-18-16,291771,RUB,Bitcoin,0.027109,BTC,https://nadex.io/,19731,trc erc bep
